[
    {
        "name": "Afghanistan",
        "capital": "Kabul",
        "continent": "Asia",
        "flag": "flags/af.svg"
    },
    {
        "name": "Åland Islands",
        "capital": "Mariehamn",
        "continent": "Europe",
        "flag": "flags/ax.svg"
    },
    {
        "name": "Albania",
        "capital": "Tirana",
        "continent": "Europe",
        "flag": "flags/al.svg"
    },
    {
        "name": "Algeria",
        "capital": "Algiers",
        "continent": "Africa",
        "flag": "flags/dz.svg"
    },
    {
        "name": "American Samoa",
        "capital": "Pago Pago",
        "continent": "Oceania",
        "flag": "flags/as.svg"
    },
    {
        "name": "Andorra",
        "capital": "Andorra la Vella",
        "continent": "Europe",
        "flag": "flags/ad.svg"
    },
    {
        "name": "Angola",
        "capital": "Luanda",
        "continent": "Africa",
        "flag": "flags/ao.svg"
    },
    {
        "name": "Anguilla",
        "capital": "The Valley",
        "continent": "North America",
        "flag": "flags/ai.svg"
    },
    {
        "name": "Antarctica",
        "capital": "",
        "continent": "Antarctica",
        "flag": "flags/aq.svg"
    },
    {
        "name": "Antigua and Barbuda",
        "capital": "Saint John's",
        "continent": "North America",
        "flag": "flags/ag.svg"
    },
    {
        "name": "Argentina",
        "capital": "Buenos Aires",
        "continent": "South America",
        "flag": "flags/ar.svg"
    },
    {
        "name": "Armenia",
        "capital": "Yerevan",
        "continent": "Asia",
        "flag": "flags/am.svg"
    },
    {
        "name": "Aruba",
        "capital": "Oranjestad",
        "continent": "North America",
        "flag": "flags/aw.svg"
    },
    {
        "name": "Australia",
        "capital": "Canberra",
        "continent": "Oceania",
        "flag": "flags/au.svg"
    },
    {
        "name": "Austria",
        "capital": "Vienna",
        "continent": "Europe",
        "flag": "flags/at.svg"
    },
    {
        "name": "Azerbaijan",
        "capital": "Baku",
        "continent": "Asia",
        "flag": "flags/az.svg"
    },
    {
        "name": "Bahamas",
        "capital": "Nassau",
        "continent": "North America",
        "flag": "flags/bs.svg"
    },
    {
        "name": "Bahrain",
        "capital": "Manama",
        "continent": "Asia",
        "flag": "flags/bh.svg"
    },
    {
        "name": "Bangladesh",
        "capital": "Dhaka",
        "continent": "Asia",
        "flag": "flags/bd.svg"
    },
    {
        "name": "Barbados",
        "capital": "Bridgetown",
        "continent": "North America",
        "flag": "flags/bb.svg"
    },
    {
        "name": "Belarus",
        "capital": "Minsk",
        "continent": "Europe",
        "flag": "flags/by.svg"
    },
    {
        "name": "Belgium",
        "capital": "Brussels",
        "continent": "Europe",
        "flag": "flags/be.svg"
    },
    {
        "name": "Belize",
        "capital": "Belmopan",
        "continent": "North America",
        "flag": "flags/bz.svg"
    },
    {
        "name": "Benin",
        "capital": "Porto-Novo",
        "continent": "Africa",
        "flag": "flags/bj.svg"
    },
    {
        "name": "Bermuda",
        "capital": "Hamilton",
        "continent": "North America",
        "flag": "flags/bm.svg"
    },
    {
        "name": "Bhutan",
        "capital": "Thimphu",
        "continent": "Asia",
        "flag": "flags/bt.svg"
    },
    {
        "name": "Bolivia",
        "capital": "Sucre",
        "continent": "South America",
        "flag": "flags/bo.svg"
    },
    {
        "name": "Bonaire, Sint Eustatius and Saba",
        "capital": "Kralendijk",
        "continent": "North America",
        "flag": "flags/bq.svg"
    },
    {
        "name": "Bosnia and Herzegovina",
        "capital": "Sarajevo",
        "continent": "Europe",
        "flag": "flags/ba.svg"
    },
    {
        "name": "Botswana",
        "capital": "Gaborone",
        "continent": "Africa",
        "flag": "flags/bw.svg"
    },
    {
        "name": "Bouvet Island",
        "capital": "",
        "continent": "Antarctica",
        "flag": "flags/bv.svg"
    },
    {
        "name": "Brazil",
        "capital": "Brasília",
        "continent": "South America",
        "flag": "flags/br.svg"
    },
    {
        "name": "British Indian Ocean Territory",
        "capital": "Diego Garcia",
        "continent": "Asia",
        "flag": "flags/io.svg"
    },
    {
        "name": "British Virgin Islands",
        "capital": "Road Town",
        "continent": "North America",
        "flag": "flags/vg.svg"
    },
    {
        "name": "Brunei",
        "capital": "Bandar Seri Begawan",
        "continent": "Asia",
        "flag": "flags/bn.svg"
    },
    {
        "name": "Bulgaria",
        "capital": "Sofia",
        "continent": "Europe",
        "flag": "flags/bg.svg"
    },
    {
        "name": "Burkina Faso",
        "capital": "Ouagadougou",
        "continent": "Africa",
        "flag": "flags/bf.svg"
    },
    {
        "name": "Burundi",
        "capital": "Gitega",
        "continent": "Africa",
        "flag": "flags/bi.svg"
    },
    {
        "name": "Cambodia",
        "capital": "Phnom Penh",
        "continent": "Asia",
        "flag": "flags/kh.svg"
    },
    {
        "name": "Cameroon",
        "capital": "Yaoundé",
        "continent": "Africa",
        "flag": "flags/cm.svg"
    },
    {
        "name": "Canada",
        "capital": "Ottawa",
        "continent": "North America",
        "flag": "flags/ca.svg"
    },
    {
        "name": "Cape Verde",
        "capital": "Praia",
        "continent": "Africa",
        "flag": "flags/cv.svg"
    },
    {
        "name": "Cayman Islands",
        "capital": "George Town",
        "continent": "North America",
        "flag": "flags/ky.svg"
    },
    {
        "name": "Central African Republic",
        "capital": "Bangui",
        "continent": "Africa",
        "flag": "flags/cf.svg"
    },
    {
        "name": "Chad",
        "capital": "N'Djamena",
        "continent": "Africa",
        "flag": "flags/td.svg"
    },
    {
        "name": "Chile",
        "capital": "Santiago",
        "continent": "South America",
        "flag": "flags/cl.svg"
    },
    {
        "name": "China",
        "capital": "Beijing",
        "continent": "Asia",
        "flag": "flags/cn.svg"
    },
    {
        "name": "Christmas Island",
        "capital": "Flying Fish Cove",
        "continent": "Asia",
        "flag": "flags/cx.svg"
    },
    {
        "name": "Cocos (Keeling) Islands",
        "capital": "West Island",
        "continent": "Asia",
        "flag": "flags/cc.svg"
    },
    {
        "name": "Colombia",
        "capital": "Bogotá",
        "continent": "South America",
        "flag": "flags/co.svg"
    },
    {
        "name": "Comoros",
        "capital": "Moroni",
        "continent": "Africa",
        "flag": "flags/km.svg"
    },
    {
        "name": "Congo (Brazzaville)",
        "capital": "Brazzaville",
        "continent": "Africa",
        "flag": "flags/cg.svg"
    },
    {
        "name": "Congo (Kinshasa)",
        "capital": "Kinshasa",
        "continent": "Africa",
        "flag": "flags/cd.svg"
    },
    {
        "name": "Cook Islands",
        "capital": "Avarua",
        "continent": "Oceania",
        "flag": "flags/ck.svg"
    },
    {
        "name": "Costa Rica",
        "capital": "San José",
        "continent": "North America",
        "flag": "flags/cr.svg"
    },
    {
        "name": "Croatia",
        "capital": "Zagreb",
        "continent": "Europe",
        "flag": "flags/hr.svg"
    },
    {
        "name": "Cuba",
        "capital": "Havana",
        "continent": "North America",
        "flag": "flags/cu.svg"
    },
    {
        "name": "Curaçao",
        "capital": "Willemstad",
        "continent": "North America",
        "flag": "flags/cw.svg"
    },
    {
        "name": "Cyprus",
        "capital": "Nicosia",
        "continent": "Asia",
        "flag": "flags/cy.svg"
    },
    {
        "name": "Czechia",
        "capital": "Prague",
        "continent": "Europe",
        "flag": "flags/cz.svg"
    },
    {
        "name": "Denmark",
        "capital": "Copenhagen",
        "continent": "Europe",
        "flag": "flags/dk.svg"
    },
    {
        "name": "Djibouti",
        "capital": "Djibouti",
        "continent": "Africa",
        "flag": "flags/dj.svg"
    },
    {
        "name": "Dominica",
        "capital": "Roseau",
        "continent": "North America",
        "flag": "flags/dm.svg"
    },
    {
        "name": "Dominican Republic",
        "capital": "Santo Domingo",
        "continent": "North America",
        "flag": "flags/do.svg"
    },
    {
        "name": "Ecuador",
        "capital": "Quito",
        "continent": "South America",
        "flag": "flags/ec.svg"
    },
    {
        "name": "Egypt",
        "capital": "Cairo",
        "continent": "Africa",
        "flag": "flags/eg.svg"
    },
    {
        "name": "El Salvador",
        "capital": "San Salvador",
        "continent": "North America",
        "flag": "flags/sv.svg"
    },
    {
        "name": "Equatorial Guinea",
        "capital": "Malabo",
        "continent": "Africa",
        "flag": "flags/gq.svg"
    },
    {
        "name": "Eritrea",
        "capital": "Asmara",
        "continent": "Africa",
        "flag": "flags/er.svg"
    },
    {
        "name": "Estonia",
        "capital": "Tallinn",
        "continent": "Europe",
        "flag": "flags/ee.svg"
    },
    {
        "name": "Eswatini",
        "capital": "Mbabane",
        "continent": "Africa",
        "flag": "flags/sz.svg"
    },
    {
        "name": "Ethiopia",
        "capital": "Addis Ababa",
        "continent": "Africa",
        "flag": "flags/et.svg"
    },
    {
        "name": "Falkland Islands",
        "capital": "Stanley",
        "continent": "South America",
        "flag": "flags/fk.svg"
    },
    {
        "name": "Faroe Islands",
        "capital": "Tórshavn",
        "continent": "Europe",
        "flag": "flags/fo.svg"
    },
    {
        "name": "Fiji",
        "capital": "Suva",
        "continent": "Oceania",
        "flag": "flags/fj.svg"
    },
    {
        "name": "Finland",
        "capital": "Helsinki",
        "continent": "Europe",
        "flag": "flags/fi.svg"
    },
    {
        "name": "France",
        "capital": "Paris",
        "continent": "Europe",
        "flag": "flags/fr.svg"
    },
    {
        "name": "French Guiana",
        "capital": "Cayenne",
        "continent": "South America",
        "flag": "flags/gf.svg"
    },
    {
        "name": "French Polynesia",
        "capital": "Papeete",
        "continent": "Oceania",
        "flag": "flags/pf.svg"
    },
    {
        "name": "French Southern Territories",
        "capital": "Port-aux-Français",
        "continent": "Antarctica",
        "flag": "flags/tf.svg"
    },
    {
        "name": "Gabon",
        "capital": "Libreville",
        "continent": "Africa",
        "flag": "flags/ga.svg"
    },
    {
        "name": "Gambia",
        "capital": "Banjul",
        "continent": "Africa",
        "flag": "flags/gm.svg"
    },
    {
        "name": "Georgia",
        "capital": "Tbilisi",
        "continent": "Asia",
        "flag": "flags/ge.svg"
    },
    {
        "name": "Germany",
        "capital": "Berlin",
        "continent": "Europe",
        "flag": "flags/de.svg"
    },
    {
        "name": "Ghana",
        "capital": "Accra",
        "continent": "Africa",
        "flag": "flags/gh.svg"
    },
    {
        "name": "Gibraltar",
        "capital": "Gibraltar",
        "continent": "Europe",
        "flag": "flags/gi.svg"
    },
    {
        "name": "Greece",
        "capital": "Athens",
        "continent": "Europe",
        "flag": "flags/gr.svg"
    },
    {
        "name": "Greenland",
        "capital": "Nuuk",
        "continent": "North America",
        "flag": "flags/gl.svg"
    },
    {
        "name": "Grenada",
        "capital": "St. George's",
        "continent": "North America",
        "flag": "flags/gd.svg"
    },
    {
        "name": "Guadeloupe",
        "capital": "Basse-Terre",
        "continent": "North America",
        "flag": "flags/gp.svg"
    },
    {
        "name": "Guam",
        "capital": "Hagåtña",
        "continent": "Oceania",
        "flag": "flags/gu.svg"
    },
    {
        "name": "Guatemala",
        "capital": "Guatemala City",
        "continent": "North America",
        "flag": "flags/gt.svg"
    },
    {
        "name": "Guernsey",
        "capital": "St. Peter Port",
        "continent": "Europe",
        "flag": "flags/gg.svg"
    },
    {
        "name": "Guinea",
        "capital": "Conakry",
        "continent": "Africa",
        "flag": "flags/gn.svg"
    },
    {
        "name": "Guinea-Bissau",
        "capital": "Bissau",
        "continent": "Africa",
        "flag": "flags/gw.svg"
    },
    {
        "name": "Guyana",
        "capital": "Georgetown",
        "continent": "South America",
        "flag": "flags/gy.svg"
    },
    {
        "name": "Haiti",
        "capital": "Port-au-Prince",
        "continent": "North America",
        "flag": "flags/ht.svg"
    },
    {
        "name": "Heard Island and McDonald Islands",
        "capital": "",
        "continent": "Antarctica",
        "flag": "flags/hm.svg"
    },
    {
        "name": "Honduras",
        "capital": "Tegucigalpa",
        "continent": "North America",
        "flag": "flags/hn.svg"
    },
    {
        "name": "Hong Kong",
        "capital": "City of Victoria",
        "continent": "Asia",
        "flag": "flags/hk.svg"
    },
    {
        "name": "Hungary",
        "capital": "Budapest",
        "continent": "Europe",
        "flag": "flags/hu.svg"
    },
    {
        "name": "Iceland",
        "capital": "Reykjavík",
        "continent": "Europe",
        "flag": "flags/is.svg"
    },
    {
        "name": "India",
        "capital": "New Delhi",
        "continent": "Asia",
        "flag": "flags/in.svg"
    },
    {
        "name": "Indonesia",
        "capital": "Jakarta",
        "continent": "Asia",
        "flag": "flags/id.svg"
    },
    {
        "name": "Iran",
        "capital": "Tehran",
        "continent": "Asia",
        "flag": "flags/ir.svg"
    },
    {
        "name": "Iraq",
        "capital": "Baghdad",
        "continent": "Asia",
        "flag": "flags/iq.svg"
    },
    {
        "name": "Ireland",
        "capital": "Dublin",
        "continent": "Europe",
        "flag": "flags/ie.svg"
    },
    {
        "name": "Isle of Man",
        "capital": "Douglas",
        "continent": "Europe",
        "flag": "flags/im.svg"
    },
    {
        "name": "Israel",
        "capital": "Jerusalem",
        "continent": "Asia",
        "flag": "flags/il.svg"
    },
    {
        "name": "Italy",
        "capital": "Rome",
        "continent": "Europe",
        "flag": "flags/it.svg"
    },
    {
        "name": "Ivory Coast",
        "capital": "Yamoussoukro",
        "continent": "Africa",
        "flag": "flags/ci.svg"
    },
    {
        "name": "Jamaica",
        "capital": "Kingston",
        "continent": "North America",
        "flag": "flags/jm.svg"
    },
    {
        "name": "Japan",
        "capital": "Tokyo",
        "continent": "Asia",
        "flag": "flags/jp.svg"
    },
    {
        "name": "Jersey",
        "capital": "Saint Helier",
        "continent": "Europe",
        "flag": "flags/je.svg"
    },
    {
        "name": "Jordan",
        "capital": "Amman",
        "continent": "Asia",
        "flag": "flags/jo.svg"
    },
    {
        "name": "Kazakhstan",
        "capital": "Astana",
        "continent": "Asia",
        "flag": "flags/kz.svg"
    },
    {
        "name": "Kenya",
        "capital": "Nairobi",
        "continent": "Africa",
        "flag": "flags/ke.svg"
    },
    {
        "name": "Kiribati",
        "capital": "South Tarawa",
        "continent": "Oceania",
        "flag": "flags/ki.svg"
    },
    {
        "name": "Kosovo",
        "capital": "Pristina",
        "continent": "Europe",
        "flag": "flags/xk.svg"
    },
    {
        "name": "Kuwait",
        "capital": "Kuwait City",
        "continent": "Asia",
        "flag": "flags/kw.svg"
    },
    {
        "name": "Kyrgyzstan",
        "capital": "Bishkek",
        "continent": "Asia",
        "flag": "flags/kg.svg"
    },
    {
        "name": "Laos",
        "capital": "Vientiane",
        "continent": "Asia",
        "flag": "flags/la.svg"
    },
    {
        "name": "Latvia",
        "capital": "Riga",
        "continent": "Europe",
        "flag": "flags/lv.svg"
    },
    {
        "name": "Lebanon",
        "capital": "Beirut",
        "continent": "Asia",
        "flag": "flags/lb.svg"
    },
    {
        "name": "Lesotho",
        "capital": "Maseru",
        "continent": "Africa",
        "flag": "flags/ls.svg"
    },
    {
        "name": "Liberia",
        "capital": "Monrovia",
        "continent": "Africa",
        "flag": "flags/lr.svg"
    },
    {
        "name": "Libya",
        "capital": "Tripoli",
        "continent": "Africa",
        "flag": "flags/ly.svg"
    },
    {
        "name": "Liechtenstein",
        "capital": "Vaduz",
        "continent": "Europe",
        "flag": "flags/li.svg"
    },
    {
        "name": "Lithuania",
        "capital": "Vilnius",
        "continent": "Europe",
        "flag": "flags/lt.svg"
    },
    {
        "name": "Luxembourg",
        "capital": "Luxembourg",
        "continent": "Europe",
        "flag": "flags/lu.svg"
    },
    {
        "name": "Macao",
        "capital": "Macao",
        "continent": "Asia",
        "flag": "flags/mo.svg"
    },
    {
        "name": "Madagascar",
        "capital": "Antananarivo",
        "continent": "Africa",
        "flag": "flags/mg.svg"
    },
    {
        "name": "Malawi",
        "capital": "Lilongwe",
        "continent": "Africa",
        "flag": "flags/mw.svg"
    },
    {
        "name": "Malaysia",
        "capital": "Kuala Lumpur",
        "continent": "Asia",
        "flag": "flags/my.svg"
    },
    {
        "name": "Maldives",
        "capital": "Malé",
        "continent": "Asia",
        "flag": "flags/mv.svg"
    },
    {
        "name": "Mali",
        "capital": "Bamako",
        "continent": "Africa",
        "flag": "flags/ml.svg"
    },
    {
        "name": "Malta",
        "capital": "Valletta",
        "continent": "Europe",
        "flag": "flags/mt.svg"
    },
    {
        "name": "Marshall Islands",
        "capital": "Majuro",
        "continent": "Oceania",
        "flag": "flags/mh.svg"
    },
    {
        "name": "Martinique",
        "capital": "Fort-de-France",
        "continent": "North America",
        "flag": "flags/mq.svg"
    },
    {
        "name": "Mauritania",
        "capital": "Nouakchott",
        "continent": "Africa",
        "flag": "flags/mr.svg"
    },
    {
        "name": "Mauritius",
        "capital": "Port Louis",
        "continent": "Africa",
        "flag": "flags/mu.svg"
    },
    {
        "name": "Mayotte",
        "capital": "Mamoudzou",
        "continent": "Africa",
        "flag": "flags/yt.svg"
    },
    {
        "name": "Mexico",
        "capital": "Mexico City",
        "continent": "North America",
        "flag": "flags/mx.svg"
    },
    {
        "name": "Micronesia",
        "capital": "Palikir",
        "continent": "Oceania",
        "flag": "flags/fm.svg"
    },
    {
        "name": "Moldova",
        "capital": "Chișinău",
        "continent": "Europe",
        "flag": "flags/md.svg"
    },
    {
        "name": "Monaco",
        "capital": "Monaco",
        "continent": "Europe",
        "flag": "flags/mc.svg"
    },
    {
        "name": "Mongolia",
        "capital": "Ulaanbaatar",
        "continent": "Asia",
        "flag": "flags/mn.svg"
    },
    {
        "name": "Montenegro",
        "capital": "Podgorica",
        "continent": "Europe",
        "flag": "flags/me.svg"
    },
    {
        "name": "Montserrat",
        "capital": "Plymouth",
        "continent": "North America",
        "flag": "flags/ms.svg"
    },
    {
        "name": "Morocco",
        "capital": "Rabat",
        "continent": "Africa",
        "flag": "flags/ma.svg"
    },
    {
        "name": "Mozambique",
        "capital": "Maputo",
        "continent": "Africa",
        "flag": "flags/mz.svg"
    },
    {
        "name": "Myanmar",
        "capital": "Naypyidaw",
        "continent": "Asia",
        "flag": "flags/mm.svg"
    },
    {
        "name": "Namibia",
        "capital": "Windhoek",
        "continent": "Africa",
        "flag": "flags/na.svg"
    },
    {
        "name": "Nauru",
        "capital": "Yaren",
        "continent": "Oceania",
        "flag": "flags/nr.svg"
    },
    {
        "name": "Nepal",
        "capital": "Kathmandu",
        "continent": "Asia",
        "flag": "flags/np.svg"
    },
    {
        "name": "Netherlands",
        "capital": "Amsterdam",
        "continent": "Europe",
        "flag": "flags/nl.svg"
    },
    {
        "name": "New Caledonia",
        "capital": "Nouméa",
        "continent": "Oceania",
        "flag": "flags/nc.svg"
    },
    {
        "name": "New Zealand",
        "capital": "Wellington",
        "continent": "Oceania",
        "flag": "flags/nz.svg"
    },
    {
        "name": "Nicaragua",
        "capital": "Managua",
        "continent": "North America",
        "flag": "flags/ni.svg"
    },
    {
        "name": "Niger",
        "capital": "Niamey",
        "continent": "Africa",
        "flag": "flags/ne.svg"
    },
    {
        "name": "Nigeria",
        "capital": "Abuja",
        "continent": "Africa",
        "flag": "flags/ng.svg"
    },
    {
        "name": "Niue",
        "capital": "Alofi",
        "continent": "Oceania",
        "flag": "flags/nu.svg"
    },
    {
        "name": "Norfolk Island",
        "capital": "Kingston",
        "continent": "Oceania",
        "flag": "flags/nf.svg"
    },
    {
        "name": "North Korea",
        "capital": "Pyongyang",
        "continent": "Asia",
        "flag": "flags/kp.svg"
    },
    {
        "name": "North Macedonia",
        "capital": "Skopje",
        "continent": "Europe",
        "flag": "flags/mk.svg"
    },
    {
        "name": "Northern Mariana Islands",
        "capital": "Saipan",
        "continent": "Oceania",
        "flag": "flags/mp.svg"
    },
    {
        "name": "Norway",
        "capital": "Oslo",
        "continent": "Europe",
        "flag": "flags/no.svg"
    },
    {
        "name": "Oman",
        "capital": "Muscat",
        "continent": "Asia",
        "flag": "flags/om.svg"
    },
    {
        "name": "Pakistan",
        "capital": "Islamabad",
        "continent": "Asia",
        "flag": "flags/pk.svg"
    },
    {
        "name": "Palau",
        "capital": "Ngerulmud",
        "continent": "Oceania",
        "flag": "flags/pw.svg"
    },
    {
        "name": "Palestine",
        "capital": "Ramallah",
        "continent": "Asia",
        "flag": "flags/ps.svg"
    },
    {
        "name": "Panama",
        "capital": "Panama City",
        "continent": "North America",
        "flag": "flags/pa.svg"
    },
    {
        "name": "Papua New Guinea",
        "capital": "Port Moresby",
        "continent": "Oceania",
        "flag": "flags/pg.svg"
    },
    {
        "name": "Paraguay",
        "capital": "Asunción",
        "continent": "South America",
        "flag": "flags/py.svg"
    },
    {
        "name": "Peru",
        "capital": "Lima",
        "continent": "South America",
        "flag": "flags/pe.svg"
    },
    {
        "name": "Philippines",
        "capital": "Manila",
        "continent": "Asia",
        "flag": "flags/ph.svg"
    },
    {
        "name": "Pitcairn Islands",
        "capital": "Adamstown",
        "continent": "Oceania",
        "flag": "flags/pn.svg"
    },
    {
        "name": "Poland",
        "capital": "Warsaw",
        "continent": "Europe",
        "flag": "flags/pl.svg"
    },
    {
        "name": "Portugal",
        "capital": "Lisbon",
        "continent": "Europe",
        "flag": "flags/pt.svg"
    },
    {
        "name": "Puerto Rico",
        "capital": "San Juan",
        "continent": "North America",
        "flag": "flags/pr.svg"
    },
    {
        "name": "Qatar",
        "capital": "Doha",
        "continent": "Asia",
        "flag": "flags/qa.svg"
    },
    {
        "name": "Réunion",
        "capital": "Saint-Denis",
        "continent": "Africa",
        "flag": "flags/re.svg"
    },
    {
        "name": "Romania",
        "capital": "Bucharest",
        "continent": "Europe",
        "flag": "flags/ro.svg"
    },
    {
        "name": "Russia",
        "capital": "Moscow",
        "continent": "Europe",
        "flag": "flags/ru.svg"
    },
    {
        "name": "Rwanda",
        "capital": "Kigali",
        "continent": "Africa",
        "flag": "flags/rw.svg"
    },
    {
        "name": "Saint Barthélemy",
        "capital": "Gustavia",
        "continent": "North America",
        "flag": "flags/bl.svg"
    },
    {
        "name": "Saint Helena",
        "capital": "Jamestown",
        "continent": "Africa",
        "flag": "flags/sh.svg"
    },
    {
        "name": "Saint Kitts and Nevis",
        "capital": "Basseterre",
        "continent": "North America",
        "flag": "flags/kn.svg"
    },
    {
        "name": "Saint Lucia",
        "capital": "Castries",
        "continent": "North America",
        "flag": "flags/lc.svg"
    },
    {
        "name": "Saint Martin",
        "capital": "Marigot",
        "continent": "North America",
        "flag": "flags/mf.svg"
    },
    {
        "name": "Saint Pierre and Miquelon",
        "capital": "Saint-Pierre",
        "continent": "North America",
        "flag": "flags/pm.svg"
    },
    {
        "name": "Saint Vincent and the Grenadines",
        "capital": "Kingstown",
        "continent": "North America",
        "flag": "flags/vc.svg"
    },
    {
        "name": "Samoa",
        "capital": "Apia",
        "continent": "Oceania",
        "flag": "flags/ws.svg"
    },
    {
        "name": "San Marino",
        "capital": "San Marino",
        "continent": "Europe",
        "flag": "flags/sm.svg"
    },
    {
        "name": "São Tomé and Príncipe",
        "capital": "São Tomé",
        "continent": "Africa",
        "flag": "flags/st.svg"
    },
    {
        "name": "Saudi Arabia",
        "capital": "Riyadh",
        "continent": "Asia",
        "flag": "flags/sa.svg"
    },
    {
        "name": "Senegal",
        "capital": "Dakar",
        "continent": "Africa",
        "flag": "flags/sn.svg"
    },
    {
        "name": "Serbia",
        "capital": "Belgrade",
        "continent": "Europe",
        "flag": "flags/rs.svg"
    },
    {
        "name": "Seychelles",
        "capital": "Victoria",
        "continent": "Africa",
        "flag": "flags/sc.svg"
    },
    {
        "name": "Sierra Leone",
        "capital": "Freetown",
        "continent": "Africa",
        "flag": "flags/sl.svg"
    },
    {
        "name": "Singapore",
        "capital": "Singapore",
        "continent": "Asia",
        "flag": "flags/sg.svg"
    },
    {
        "name": "Sint Maarten",
        "capital": "Philipsburg",
        "continent": "North America",
        "flag": "flags/sx.svg"
    },
    {
        "name": "Slovakia",
        "capital": "Bratislava",
        "continent": "Europe",
        "flag": "flags/sk.svg"
    },
    {
        "name": "Slovenia",
        "capital": "Ljubljana",
        "continent": "Europe",
        "flag": "flags/si.svg"
    },
    {
        "name": "Solomon Islands",
        "capital": "Honiara",
        "continent": "Oceania",
        "flag": "flags/sb.svg"
    },
    {
        "name": "Somalia",
        "capital": "Mogadishu",
        "continent": "Africa",
        "flag": "flags/so.svg"
    },
    {
        "name": "South Africa",
        "capital": "Pretoria",
        "continent": "Africa",
        "flag": "flags/za.svg"
    },
    {
        "name": "South Georgia",
        "capital": "King Edward Point",
        "continent": "Antarctica",
        "flag": "flags/gs.svg"
    },
    {
        "name": "South Korea",
        "capital": "Seoul",
        "continent": "Asia",
        "flag": "flags/kr.svg"
    },
    {
        "name": "South Sudan",
        "capital": "Juba",
        "continent": "Africa",
        "flag": "flags/ss.svg"
    },
    {
        "name": "Spain",
        "capital": "Madrid",
        "continent": "Europe",
        "flag": "flags/es.svg"
    },
    {
        "name": "Sri Lanka",
        "capital": "Sri Jayawardenepura Kotte",
        "continent": "Asia",
        "flag": "flags/lk.svg"
    },
    {
        "name": "Sudan",
        "capital": "Khartoum",
        "continent": "Africa",
        "flag": "flags/sd.svg"
    },
    {
        "name": "Suriname",
        "capital": "Paramaribo",
        "continent": "South America",
        "flag": "flags/sr.svg"
    },
    {
        "name": "Svalbard and Jan Mayen",
        "capital": "Longyearbyen",
        "continent": "Europe",
        "flag": "flags/sj.svg"
    },
    {
        "name": "Sweden",
        "capital": "Stockholm",
        "continent": "Europe",
        "flag": "flags/se.svg"
    },
    {
        "name": "Switzerland",
        "capital": "Bern",
        "continent": "Europe",
        "flag": "flags/ch.svg"
    },
    {
        "name": "Syria",
        "capital": "Damascus",
        "continent": "Asia",
        "flag": "flags/sy.svg"
    },
    {
        "name": "Taiwan",
        "capital": "Taipei",
        "continent": "Asia",
        "flag": "flags/tw.svg"
    },
    {
        "name": "Tajikistan",
        "capital": "Dushanbe",
        "continent": "Asia",
        "flag": "flags/tj.svg"
    },
    {
        "name": "Tanzania",
        "capital": "Dodoma",
        "continent": "Africa",
        "flag": "flags/tz.svg"
    },
    {
        "name": "Thailand",
        "capital": "Bangkok",
        "continent": "Asia",
        "flag": "flags/th.svg"
    },
    {
        "name": "Timor-Leste",
        "capital": "Dili",
        "continent": "Asia",
        "flag": "flags/tl.svg"
    },
    {
        "name": "Togo",
        "capital": "Lomé",
        "continent": "Africa",
        "flag": "flags/tg.svg"
    },
    {
        "name": "Tokelau",
        "capital": "Fakaofo",
        "continent": "Oceania",
        "flag": "flags/tk.svg"
    },
    {
        "name": "Tonga",
        "capital": "Nuku'alofa",
        "continent": "Oceania",
        "flag": "flags/to.svg"
    },
    {
        "name": "Trinidad and Tobago",
        "capital": "Port of Spain",
        "continent": "North America",
        "flag": "flags/tt.svg"
    },
    {
        "name": "Tunisia",
        "capital": "Tunis",
        "continent": "Africa",
        "flag": "flags/tn.svg"
    },
    {
        "name": "Turkey",
        "capital": "Ankara",
        "continent": "Asia",
        "flag": "flags/tr.svg"
    },
    {
        "name": "Turkmenistan",
        "capital": "Ashgabat",
        "continent": "Asia",
        "flag": "flags/tm.svg"
    },
    {
        "name": "Turks and Caicos Islands",
        "capital": "Cockburn Town",
        "continent": "North America",
        "flag": "flags/tc.svg"
    },
    {
        "name": "Tuvalu",
        "capital": "Funafuti",
        "continent": "Oceania",
        "flag": "flags/tv.svg"
    },
    {
        "name": "Uganda",
        "capital": "Kampala",
        "continent": "Africa",
        "flag": "flags/ug.svg"
    },
    {
        "name": "Ukraine",
        "capital": "Kyiv",
        "continent": "Europe",
        "flag": "flags/ua.svg"
    },
    {
        "name": "United Arab Emirates",
        "capital": "Abu Dhabi",
        "continent": "Asia",
        "flag": "flags/ae.svg"
    },
    {
        "name": "United Kingdom",
        "capital": "London",
        "continent": "Europe",
        "flag": "flags/gb.svg"
    },
    {
        "name": "United States",
        "capital": "Washington, D.C.",
        "continent": "North America",
        "flag": "flags/us.svg"
    },
    {
        "name": "United States Minor Outlying Islands",
        "capital": "",
        "continent": "Oceania",
        "flag": "flags/um.svg"
    },
    {
        "name": "Uruguay",
        "capital": "Montevideo",
        "continent": "South America",
        "flag": "flags/uy.svg"
    },
    {
        "name": "Uzbekistan",
        "capital": "Tashkent",
        "continent": "Asia",
        "flag": "flags/uz.svg"
    },
    {
        "name": "Vanuatu",
        "capital": "Port Vila",
        "continent": "Oceania",
        "flag": "flags/vu.svg"
    },
    {
        "name": "Vatican City",
        "capital": "Vatican City",
        "continent": "Europe",
        "flag": "flags/va.svg"
    },
    {
        "name": "Venezuela",
        "capital": "Caracas",
        "continent": "South America",
        "flag": "flags/ve.svg"
    },
    {
        "name": "Vietnam",
        "capital": "Hanoi",
        "continent": "Asia",
        "flag": "flags/vn.svg"
    },
    {
        "name": "Wallis and Futuna",
        "capital": "Mata-Utu",
        "continent": "Oceania",
        "flag": "flags/wf.svg"
    },
    {
        "name": "Western Sahara",
        "capital": "El Aaiún",
        "continent": "Africa",
        "flag": "flags/eh.svg"
    },
    {
        "name": "Yemen",
        "capital": "Sana'a",
        "continent": "Asia",
        "flag": "flags/ye.svg"
    },
    {
        "name": "Zambia",
        "capital": "Lusaka",
        "continent": "Africa",
        "flag": "flags/zm.svg"
    },
    {
        "name": "Zimbabwe",
        "capital": "Harare",
        "continent": "Africa",
        "flag": "flags/zw.svg"
    }
]
